Organization,Type,Solicitation #,Name,Link,Deadline Date
NSF,Research,15-086,Dear Colleague Letter: Enabling the Future of Making to Catalyze New Approaches in STEM Learning and Innovation,https://www.nsf.gov/pubs/2015/nsf15086/nsf15086.jsp,"December 15, 2016"
NSF,Research,15-585,Improving Undergraduate STEM Education: Education and Human Resources (IUSE: EHR),http://nsf.gov/funding/pgm_summ.jsp?pims_id=505082,"November 2, 2016"
NSF,Research,PD 15-1340,Research in the Formation of Engineers (RFE),http://nsf.gov/funding/pgm_summ.jsp?pims_id=503584,"September 21, 2016"
NSF,Research,PD 16-7680,Broadening Participation in Engineering (BPE),http://nsf.gov/funding/pgm_summ.jsp?pims_id=504870,"February 6, 2017"
NSF,Research,15-592,Discovery Research PreK-12 (DRK-12),http://nsf.gov/funding/pgm_summ.jsp?pims_id=500047,"December 5, 2016"
NSF,Research,15-593,Advancing Informal STEM Learning (AISL),http://nsf.gov/funding/pgm_summ.jsp?pims_id=504793,"November 8, 2016"
NSF,Research,15-509,EHR Core Research (ECR),http://nsf.gov/funding/pgm_summ.jsp?pims_id=504924,"September 8, 2016"
NSF,Research,14-526,Cyberlearning and Future Learning Technologies (Cyberlearning),http://nsf.gov/funding/pgm_summ.jsp?pims_id=504984,"December 5, 2016"
NSF,Research,15-599,Innovative Technology Experiences for Students and Teachers (ITEST),http://nsf.gov/funding/pgm_summ.jsp?pims_id=5467,"August 9, 2017"
NSF,Research,16-527,STEM + Computing Partnerships (STEM+C),http://nsf.gov/funding/pgm_summ.jsp?pims_id=505006,"March 14, 2017"
EDA,,,i6 CHALLENGE,https://www.eda.gov/oie/ris/i6/,